{"cameraMode":{"drawMode":0,"name":"Shaded","section":"Shading Mode"},"sceneLighting":false,"audioPlay":false,"sceneViewState":{"showFog":true,"showMaterialUpdate":false,"showSkybox":true,"showFlares":true,"showImageEffects":true,"showParticleSystems":true},"in2DMode":false,"pivot":{"x":0.012446822598576546,"y":-0.009344667196273804,"z":0.00632593035697937},"rotation":{"x":0.1604088544845581,"y":0.7897387146949768,"z":-0.23266589641571046,"w":0.5444706678390503},"size":1.076686978340149,"orthographic":false}