{"cameraMode":{"drawMode":0,"name":"Shaded","section":"Shading Mode"},"sceneLighting":false,"audioPlay":false,"sceneViewState":{"showFog":true,"showMaterialUpdate":false,"showSkybox":true,"showFlares":true,"showImageEffects":true,"showParticleSystems":true},"in2DMode":false,"pivot":{"x":-0.0019178986549377442,"y":0.8713359832763672,"z":0.004350379109382629},"rotation":{"x":-0.06872278451919556,"y":0.9290393590927124,"z":-0.2214580774307251,"w":-0.2883042097091675},"size":4.362919807434082,"orthographic":false}