{"cameraMode":{"drawMode":0,"name":"Shaded","section":"Shading Mode"},"sceneLighting":false,"audioPlay":false,"sceneViewState":{"showFog":true,"showMaterialUpdate":false,"showSkybox":true,"showFlares":true,"showImageEffects":true,"showParticleSystems":true},"in2DMode":false,"pivot":{"x":156.4600067138672,"y":10.880000114440918,"z":81.55400085449219},"rotation":{"x":0.025847889482975007,"y":0.9677295684814453,"z":-0.2245534062385559,"w":0.11138757318258286},"size":22.0,"orthographic":false}