{"cameraMode":{"drawMode":0,"name":"Shaded","section":"Shading Mode"},"sceneLighting":false,"audioPlay":false,"sceneViewState":{"showFog":true,"showMaterialUpdate":false,"showSkybox":true,"showFlares":true,"showImageEffects":true,"showParticleSystems":true},"in2DMode":false,"pivot":{"x":0.0018720626831054688,"y":0.89670330286026,"z":-0.015012413263320923},"rotation":{"x":0.44345822930336,"y":-0.07914269715547562,"z":0.03934890776872635,"w":0.8919265270233154},"size":4.535677433013916,"orthographic":false}