{"cameraMode":{"drawMode":0,"name":"Shaded","section":"Shading Mode"},"sceneLighting":false,"audioPlay":false,"sceneViewState":{"showFog":true,"showMaterialUpdate":false,"showSkybox":true,"showFlares":true,"showImageEffects":true,"showParticleSystems":true},"in2DMode":false,"pivot":{"x":156.4600067138672,"y":10.880000114440918,"z":81.55400085449219},"rotation":{"x":0.006100162863731384,"y":0.9567079544067383,"z":-0.020099705085158349,"w":0.29029086232185366},"size":22.0,"orthographic":false}