{"cameraMode":{"drawMode":0,"name":"Shaded","section":"Shading Mode"},"sceneLighting":false,"audioPlay":false,"sceneViewState":{"showFog":true,"showMaterialUpdate":false,"showSkybox":true,"showFlares":true,"showImageEffects":true,"showParticleSystems":true},"in2DMode":false,"pivot":{"x":0.00023062340915203094,"y":-0.005969010293483734,"z":0.020636748522520067},"rotation":{"x":0.1604088544845581,"y":0.7897387146949768,"z":-0.23266589641571046,"w":0.5444706678390503},"size":0.5594260692596436,"orthographic":false}