{"cameraMode":{"drawMode":0,"name":"Shaded","section":"Shading Mode"},"sceneLighting":false,"audioPlay":false,"sceneViewState":{"showFog":true,"showMaterialUpdate":false,"showSkybox":true,"showFlares":true,"showImageEffects":true,"showParticleSystems":true},"in2DMode":false,"pivot":{"x":-0.21802395582199098,"y":-0.1367289125919342,"z":0.21351349353790284},"rotation":{"x":0.1604088544845581,"y":0.7897387146949768,"z":-0.23266589641571046,"w":0.5444706678390503},"size":0.8128105401992798,"orthographic":false}