{"cameraMode":{"drawMode":0,"name":"Shaded","section":"Shading Mode"},"sceneLighting":false,"audioPlay":false,"sceneViewState":{"showFog":true,"showMaterialUpdate":false,"showSkybox":true,"showFlares":true,"showImageEffects":true,"showParticleSystems":true},"in2DMode":false,"pivot":{"x":-22.437332153320314,"y":-0.13499994575977326,"z":5.0316162109375},"rotation":{"x":0.3702329993247986,"y":-0.16206052899360658,"z":0.06576766073703766,"w":0.912325918674469},"size":2.858229398727417,"orthographic":false}