{"cameraMode":{"drawMode":0,"name":"Shaded","section":"Shading Mode"},"sceneLighting":true,"audioPlay":false,"sceneViewState":{"showFog":true,"showMaterialUpdate":false,"showSkybox":true,"showFlares":true,"showImageEffects":true,"showParticleSystems":true},"in2DMode":false,"pivot":{"x":114.37999725341797,"y":52.899986267089847,"z":0.0000133514404296875},"rotation":{"x":-0.007489460986107588,"y":0.03269145265221596,"z":0.00024628161918371916,"w":0.9994374513626099},"size":383.26348876953127,"orthographic":true}