{"cameraMode":{"drawMode":0,"name":"Shaded","section":"Shading Mode"},"sceneLighting":false,"audioPlay":false,"sceneViewState":{"showFog":true,"showMaterialUpdate":false,"showSkybox":true,"showFlares":true,"showImageEffects":true,"showParticleSystems":true},"in2DMode":false,"pivot":{"x":-0.008826762437820435,"y":0.9088995456695557,"z":-0.013549372553825379},"rotation":{"x":-0.46703842282295229,"y":0.014053834602236748,"z":-0.007425087504088879,"w":-0.8840941786766052},"size":4.16123104095459,"orthographic":false}