{"cameraMode":{"drawMode":0,"name":"Shaded","section":"Shading Mode"},"sceneLighting":true,"audioPlay":false,"sceneViewState":{"showFog":true,"showMaterialUpdate":false,"showSkybox":true,"showFlares":true,"showImageEffects":true,"showParticleSystems":true},"in2DMode":false,"pivot":{"x":149.2693328857422,"y":16.264625549316408,"z":85.76881408691406},"rotation":{"x":0.025847889482975007,"y":0.9677295684814453,"z":-0.2245534062385559,"w":0.11138757318258286},"size":23.749698638916017,"orthographic":false}