{"cameraMode":{"drawMode":0,"name":"Shaded","section":"Shading Mode"},"sceneLighting":false,"audioPlay":false,"sceneViewState":{"showFog":true,"showMaterialUpdate":false,"showSkybox":true,"showFlares":true,"showImageEffects":true,"showParticleSystems":true},"in2DMode":false,"pivot":{"x":-0.23805546760559083,"y":1.533418893814087,"z":-1.0251259803771973},"rotation":{"x":-0.09055542200803757,"y":0.8133861422538757,"z":-0.13168653845787049,"w":-0.5593401789665222},"size":1.7762775421142579,"orthographic":false}