{"cameraMode":{"drawMode":0,"name":"Shaded","section":"Shading Mode"},"sceneLighting":false,"audioPlay":false,"sceneViewState":{"showFog":true,"showMaterialUpdate":false,"showSkybox":true,"showFlares":true,"showImageEffects":true,"showParticleSystems":true},"in2DMode":false,"pivot":{"x":-0.10175396502017975,"y":0.6729588508605957,"z":-0.9937697649002075},"rotation":{"x":0.0031453613191843035,"y":-0.9785359501838684,"z":0.20550678670406342,"w":0.0149823147803545},"size":2.076277494430542,"orthographic":false}