{"cameraMode":{"drawMode":0,"name":"Shaded","section":"Shading Mode"},"sceneLighting":false,"audioPlay":false,"sceneViewState":{"showFog":true,"showMaterialUpdate":false,"showSkybox":true,"showFlares":true,"showImageEffects":true,"showParticleSystems":true},"in2DMode":false,"pivot":{"x":133.97467041015626,"y":14.40000057220459,"z":96.10200500488281},"rotation":{"x":0.025847889482975007,"y":0.9677295684814453,"z":-0.2245534062385559,"w":0.11138757318258286},"size":23.2503719329834,"orthographic":false}