{"cameraMode":{"drawMode":0,"name":"Shaded","section":"Shading Mode"},"sceneLighting":false,"audioPlay":false,"sceneViewState":{"showFog":true,"showMaterialUpdate":false,"showSkybox":true,"showFlares":true,"showImageEffects":true,"showParticleSystems":true},"in2DMode":false,"pivot":{"x":-0.23391100764274598,"y":1.181800365447998,"z":0.420316219329834},"rotation":{"x":-0.01862073875963688,"y":0.9727961421012878,"z":-0.21499058604240418,"w":-0.0842616856098175},"size":2.6602823734283449,"orthographic":false}