{"cameraMode":{"drawMode":0,"name":"Shaded","section":"Shading Mode"},"sceneLighting":true,"audioPlay":false,"sceneViewState":{"showFog":false,"showMaterialUpdate":false,"showSkybox":false,"showFlares":false,"showImageEffects":false,"showParticleSystems":false},"in2DMode":false,"pivot":{"x":0.10888340324163437,"y":0.8765602111816406,"z":-0.08431264758110047},"rotation":{"x":0.003556458279490471,"y":0.9933331608772278,"z":-0.1107218936085701,"w":0.03189440071582794},"size":3.2622792720794679,"orthographic":false}